molecule_chembl_id,canonical_smiles,standard_value,name,class
CHEMBL63,COc1ccc(C2CNC(=O)C2)cc1OC1CCCC1,44.6,C16H21NO3,active
CHEMBL240624,COCCOc1ccc(N2CCN(CCn3ncc4c3nc(N)n3nc(-c5ccco5)nc43)CC2)cc1,136.1,C25H29N9O3,active
CHEMBL430893,COc1ccc([C@@H]2CNC(=O)C2)cc1OC1CCCC1,77.6,C16H21NO3,active
CHEMBL325795,COc1ccc([C@H]2CNC(=O)C2)cc1OC1CCCC1,25.8,C16H21NO3,active
CHEMBL603830,CCCOc1cc([C@]2(C)CNC(=O)O2)ccc1OC,769.1,C14H19NO4,active
CHEMBL177542,CN1CC(=O)N2[C@H](CC3c4ccccc4NC3[C@H]2c2ccc3c(c2)OCO3)C1=O,200.9,C22H21N3O4,active
CHEMBL4214820,O=S(=O)(c1c(F)c(F)c(F)c(F)c1F)N1CCN(c2ccccc2)CC1,0.87,C16H13F5N2O2S,active
CHEMBL4204703,O[C@H]1CC[C@H](Nc2nc(-c3ccccc3)nc3[nH]ccc23)CC1,58.6,C18H20N4O,active
CHEMBL136689,COc1ccc(CCCn2ncc3c2nc(N)n2nc(-c4ccco4)nc32)cc1,3062.0,C20H19N7O2,intermediate
CHEMBL483688,CCCn1c(=O)[nH]c2nc(-c3ccc(S(=O)(=O)N4CCN(c5ccc(Cl)cc5)CC4)cc3)[nH]c2c1=O,43.8,C24H25ClN6O4S,active
CHEMBL113142,Nc1nc(NCCc2ccc(O)cc2)nc2nc(-c3ccco3)nn12,1066.6,C16H15N7O2,intermediate
CHEMBL4212468,C=CCSc1nsc(NC(=O)Nc2ccc(F)cc2F)n1,4477.1,C12H10F2N4OS2,intermediate
CHEMBL1531435,C=CCSc1nsc(NC(=O)Nc2cccc(C(C)=O)c2)n1,160.3,C14H14N4O2S2,active
CHEMBL4207559,C=CCSc1nsc(NC(=O)Nc2ccc(Cl)cc2)n1,0.1892,C12H11ClN4OS2,active
CHEMBL4214443,C=CCSc1nsc(NC(=O)Nc2ccc(Cl)cc2C(F)(F)F)n1,0.3177,C13H10ClF3N4OS2,active
CHEMBL4202786,O=C(Nc1nc(SCCOc2ccccc2)ns1)Nc1ccc(F)cc1F,4943.1,C17H14F2N4O2S2,intermediate
CHEMBL4212750,C#CCSc1nsc(NC(=O)Nc2ccc(Cl)c(C(F)(F)F)c2)n1,26.9,C13H8ClF3N4OS2,active
CHEMBL4207134,C#CCSc1nsc(NC(=O)Nc2ccccc2Cl)n1,1678.8,C12H9ClN4OS2,intermediate
CHEMBL4208511,COc1ccc(C2CNC(=O)NC2)cc1O[C@@H]1C[C@H]2CC[C@H]1C2,182.0,C18H24N2O3,active
CHEMBL4292381,CC(C)N(CCCN)C[C@H]1O[C@@H](n2cnc3c(NCc4cccc(Cl)c4)ncnc32)[C@H](O)[C@@H]1O,50000.0,C23H32ClN7O3,inactive
CHEMBL4281760,CC(C)N(CCCN)C[C@H]1O[C@@H](n2cnc3c(NCc4cccc(F)c4)ncnc32)[C@H](O)[C@@H]1O,50000.0,C23H32FN7O3,inactive
CHEMBL4290889,CC(C)N(CCCO)C[C@H]1O[C@@H](n2cnc3c(NCc4cccc(Cl)c4)ncnc32)[C@H](O)[C@@H]1O,27470.0,C23H31ClN6O4,inactive
CHEMBL4279549,CC(C)N(CCCO)C[C@H]1O[C@@H](n2cnc3c(NCc4cccc(F)c4)ncnc32)[C@H](O)[C@@H]1O,50000.0,C23H31FN6O4,inactive
CHEMBL4289730,COC(=O)CCN(C[C@H]1O[C@@H](n2cnc3c(NCc4cccc(Cl)c4)ncnc32)[C@H](O)[C@@H]1O)C(C)C,50000.0,C24H31ClN6O5,inactive
CHEMBL4281511,COC(=O)CCN(C[C@H]1O[C@@H](n2cnc3c(NCc4cccc(F)c4)ncnc32)[C@H](O)[C@@H]1O)C(C)C,50000.0,C24H31FN6O5,inactive
CHEMBL4284004,CC(C)NC[C@H]1O[C@@H](n2cnc3c(NCc4cccc(Cl)c4)ncnc32)[C@H](O)[C@@H]1O,6330.0,C20H25ClN6O3,intermediate
CHEMBL4291959,CC(C)NC[C@H]1O[C@@H](n2cnc3c(NCc4cccc(F)c4)ncnc32)[C@H](O)[C@@H]1O,29980.0,C20H25FN6O3,inactive
CHEMBL2169919,CC(C)N(CCCNC(=O)Nc1ccc(C(C)(C)C)cc1)C[C@H]1O[C@@H](n2ccc3c(N)ncnc32)[C@H](O)[C@@H]1O,35190.0,C28H41N7O4,inactive
CHEMBL1214186,Nc1ncnc2c1ncn2[C@@H]1O[C@H](C[C@@H](N)CC[C@H](N)C(=O)O)[C@@H](O)[C@H]1O,50000.0,C15H23N7O5,inactive
CHEMBL4290103,CC(C)N(CCCNC(=O)NC1CCCCC1)C[C@H]1O[C@@H](n2cnc3c(NCc4cccc(Cl)c4)ncnc32)[C@H](O)[C@@H]1O,12240.0,C30H43ClN8O4,inactive
CHEMBL4282234,CC(C)N(CCCNC(=O)NC(C)(C)C)C[C@H]1O[C@@H](n2cnc3c(NCc4cccc(Cl)c4)ncnc32)[C@H](O)[C@@H]1O,20610.0,C28H41ClN8O4,inactive
CHEMBL4288845,CC(C)N(CCCNC(=O)Nc1cccc(C(F)(F)F)c1)C[C@H]1O[C@@H](n2cnc3c(NCc4cccc(Cl)c4)ncnc32)[C@H](O)[C@@H]1O,4560.0,C31H36ClF3N8O4,intermediate
CHEMBL4289036,COc1ccc(NC(=O)NCCCN(C[C@H]2O[C@@H](n3cnc4c(NCc5cccc(Cl)c5)ncnc43)[C@H](O)[C@@H]2O)C(C)C)cc1,50000.0,C31H39ClN8O5,inactive
CHEMBL4292671,Cc1ccc(NC(=O)NCCCN(C[C@H]2O[C@@H](n3cnc4c(NCc5cccc(Cl)c5)ncnc43)[C@H](O)[C@@H]2O)C(C)C)cc1,5800.0,C31H39ClN8O4,intermediate
CHEMBL4280694,CC(C)N(CCCNC(=O)Nc1ccc(F)cc1)C[C@H]1O[C@@H](n2cnc3c(NCc4cccc(Cl)c4)ncnc32)[C@H](O)[C@@H]1O,15290.0,C30H36ClFN8O4,inactive
CHEMBL4285257,CC(C)N(CCCNC(=O)NC1CCCCC1)C[C@H]1O[C@@H](n2cnc3c(NCc4cccc(F)c4)ncnc32)[C@H](O)[C@@H]1O,50000.0,C30H43FN8O4,inactive
CHEMBL4277301,CC(C)N(CCCNC(=O)NC(C)(C)C)C[C@H]1O[C@@H](n2cnc3c(NCc4cccc(F)c4)ncnc32)[C@H](O)[C@@H]1O,50000.0,C28H41FN8O4,inactive
CHEMBL4284944,CC(C)N(CCCNC(=O)Nc1cccc(C(F)(F)F)c1)C[C@H]1O[C@@H](n2cnc3c(NCc4cccc(F)c4)ncnc32)[C@H](O)[C@@H]1O,6990.0,C31H36F4N8O4,intermediate
CHEMBL4276996,CC(C)N(CCCNC(=O)Nc1ccc(C(F)(F)F)cc1)C[C@H]1O[C@@H](n2cnc3c(NCc4cccc(F)c4)ncnc32)[C@H](O)[C@@H]1O,6460.0,C31H36F4N8O4,intermediate
CHEMBL4288329,CC(C)N(CCCNC(=O)Nc1ccc(C(C)(C)C)cc1)C[C@H]1O[C@@H](n2cnc3c(NCc4cccc(F)c4)ncnc32)[C@H](O)[C@@H]1O,6650.0,C34H45FN8O4,intermediate
CHEMBL4280425,COc1ccc(NC(=O)NCCCN(C[C@H]2O[C@@H](n3cnc4c(NCc5cccc(F)c5)ncnc43)[C@H](O)[C@@H]2O)C(C)C)cc1,50000.0,C31H39FN8O5,inactive
CHEMBL4291742,Cc1ccc(NC(=O)NCCCN(C[C@H]2O[C@@H](n3cnc4c(NCc5cccc(F)c5)ncnc43)[C@H](O)[C@@H]2O)C(C)C)cc1,50000.0,C31H39FN8O4,inactive
CHEMBL4283887,CC(C)N(CCCNC(=O)Nc1ccc(F)cc1)C[C@H]1O[C@@H](n2cnc3c(NCc4cccc(F)c4)ncnc32)[C@H](O)[C@@H]1O,50000.0,C30H36F2N8O4,inactive
CHEMBL295124,COc1ccc2cc3[n+](cc2c1OC)CCc1cc2c(cc1-3)OCO2,39100.0,C20H18NO4+,inactive
CHEMBL289277,Cc1cc(O)c2c(c1)C(=O)c1cc(O)cc(O)c1C2=O,3200.0,C15H10O5,intermediate
CHEMBL4581689,[N-]=[N+]=NCc1cc(CN=[N+]=[N-])cc(-c2cc(CN=[N+]=[N-])cc(CN=[N+]=[N-])c2)c1,100000.0,C16H14N12,inactive
CHEMBL4444807,Cl.Cl.Cl.Cl.NCc1cc(CN)cc(-c2cc(CN)cc(CN)c2)c1,100000.0,C16H26Cl4N4,inactive
CHEMBL4588298,c1c[nH]c(CNCc2cc(CNCc3ccc[nH]3)cc(-c3cc(CNCc4ccc[nH]4)cc(CNCc4ccc[nH]4)c3)c2)c1,360.0,C36H42N8,active
CHEMBL4472158,c1coc(CNCc2cc(CNCc3ccco3)cc(-c3cc(CNCc4ccco4)cc(CNCc4ccco4)c3)c2)c1,1130.0,C36H38N4O4,intermediate
CHEMBL4592586,c1csc(CNCc2cc(CNCc3cccs3)cc(-c3cc(CNCc4cccs4)cc(CNCc4cccs4)c3)c2)c1,1310.0,C36H38N4S4,intermediate
CHEMBL4466695,Cn1ccnc1CNCc1cc(CNCc2nccn2C)cc(-c2cc(CNCc3nccn3C)cc(CNCc3nccn3C)c2)c1,100000.0,C36H46N12,inactive
CHEMBL4463375,C(=N/Cc1cc(C/N=C/c2ccc[nH]2)cc(-c2cc(C/N=C/c3ccc[nH]3)cc(C/N=C/c3ccc[nH]3)c2)c1)\c1ccc[nH]1,1360.0,C36H34N8,intermediate
CHEMBL4590001,C(=N/Cc1cc(C/N=C/c2ccco2)cc(-c2cc(C/N=C/c3ccco3)cc(C/N=C/c3ccco3)c2)c1)\c1ccco1,100000.0,C36H30N4O4,inactive
CHEMBL4550016,C(=N/Cc1cc(C/N=C/c2cccs2)cc(-c2cc(C/N=C/c3cccs3)cc(C/N=C/c3cccs3)c2)c1)\c1cccs1,100000.0,C36H30N4S4,inactive
CHEMBL4553288,O=C(NCc1cc(CNC(=O)c2cccs2)cc(-c2cc(CNC(=O)c3cccs3)cc(CNC(=O)c3cccs3)c2)c1)c1cccs1,100000.0,C36H30N4O4S4,inactive
CHEMBL4539652,[N-]=[N+]=NCc1cc(CN=[N+]=[N-])cc(-c2cc(CN=[N+]=[N-])cc(Cn3cc(COCCOCc4cn(Cc5cc(CN=[N+]=[N-])cc(-c6cc(CN=[N+]=[N-])cc(CN=[N+]=[N-])c6)c5)nn4)nn3)c2)c1,100000.0,C40H38N24O2,inactive
CHEMBL4435729,[N-]=[N+]=NCc1cc(CN=[N+]=[N-])cc(-c2cc(CN=[N+]=[N-])cc(Cn3cc(COCCOCCOCCOCc4cn(Cc5cc(CN=[N+]=[N-])cc(-c6cc(CN=[N+]=[N-])cc(CN=[N+]=[N-])c6)c5)nn4)nn3)c2)c1,100000.0,C44H46N24O4,inactive
CHEMBL4441010,[N-]=[N+]=NCc1cc(CN=[N+]=[N-])cc(-c2cc(CN=[N+]=[N-])cc(Cn3cc(COCCOCCOCCOCCOCCOCc4cn(Cc5cc(CN=[N+]=[N-])cc(-c6cc(CN=[N+]=[N-])cc(CN=[N+]=[N-])c6)c5)nn4)nn3)c2)c1,100000.0,C48H54N24O6,inactive
CHEMBL4522922,c1c[nH]c(CNCc2cc(CNCc3ccc[nH]3)cc(-c3cc(CNCc4ccc[nH]4)cc(Cn4cc(COCCOCCOCCOCc5cn(Cc6cc(CNCc7ccc[nH]7)cc(-c7cc(CNCc8ccc[nH]8)cc(CNCc8ccc[nH]8)c7)c6)nn5)nn4)c3)c2)c1,160.0,C74H88N18O4,active
CHEMBL4560040,c1coc(CNCc2cc(CNCc3ccco3)cc(-c3cc(CNCc4ccco4)cc(Cn4cc(COCCOCCOCCOCc5cn(Cc6cc(CNCc7ccco7)cc(-c7cc(CNCc8ccco8)cc(CNCc8ccco8)c7)c6)nn5)nn4)c3)c2)c1,12370.0,C74H82N12O10,inactive
CHEMBL3040216,CC1=CCC(C(=O)/N=C2\CC=C(S(=O)(=O)O)c3cc(S(=O)(=O)O)cc(S(=O)(=O)O)c32)=C/C1=N/C(=O)C1=CC=C/C(=N\C(=O)/N=C2\C=CC=C(C(=O)/N=C3/CC(C(=O)/N=C4\CC=C(S(=O)(=O)O)c5cc(S(=O)(=O)O)cc(S(=O)(=O)O)c54)=CC=C3C)C2)C1,44020.0,C51H40N6O23S6,inactive
CHEMBL4483444,C#CCSc1nsc(NC(=O)Nc2ccc(Cl)cc2)n1,1.4,C12H9ClN4OS2,active
CHEMBL4536703,C=CCSc1nnc(NC(=O)Nc2ccc(Cl)cc2)s1,0.191,C12H11ClN4OS2,active
CHEMBL4475511,C=CCNc1nc(NC(=O)Nc2ccc(Cl)cc2)ns1,0.0851,C12H12ClN5OS,active
CHEMBL4440325,C=CCSc1nsc(NC(=S)Nc2ccc(Cl)cc2)n1,493.2,C12H11ClN4S3,active
CHEMBL4450589,C=CCSc1nc(NC(=S)Nc2ccc(Cl)cc2)ns1,2600.0,C12H11ClN4S3,intermediate
CHEMBL4471319,C=CCSc1nsc(NC(=O)Nc2ccc(Br)cc2)n1,0.3289,C12H11BrN4OS2,active
CHEMBL4542274,C#CCSc1nsc(NC(=O)Nc2ccc(Br)cc2)n1,0.6653,C12H9BrN4OS2,active
CHEMBL4470306,C=CCSc1nc(NC(=O)Nc2ccc(Br)cc2)ns1,1300.0,C12H11BrN4OS2,intermediate
CHEMBL4460915,C=CCSc1nnc(NC(=O)Nc2ccc(Br)cc2)s1,0.1435,C12H11BrN4OS2,active
CHEMBL4555491,C=CCNc1nc(NC(=O)Nc2ccc(Br)cc2)ns1,0.0977,C12H12BrN5OS,active
CHEMBL4472946,C=CCSc1nsc(NC(=S)Nc2ccc(Br)cc2)n1,2100.0,C12H11BrN4S3,intermediate
CHEMBL4573163,C#CCSc1nsc(NC(=S)Nc2ccc(Br)cc2)n1,706.3,C12H9BrN4S3,active
CHEMBL4461661,C=CCSc1nc(NC(=S)Nc2ccc(Br)cc2)ns1,4100.0,C12H11BrN4S3,intermediate
CHEMBL4435841,C=CCSc1nnc(NC(=S)Nc2ccc(Br)cc2)s1,0.1466,C12H11BrN4S3,active
CHEMBL4454744,C=CCSc1nsc(NC(=O)Nc2ccc(I)cc2)n1,0.414,C12H11IN4OS2,active
CHEMBL4450441,C#CCSc1nsc(NC(=O)Nc2ccc(I)cc2)n1,0.8091,C12H9IN4OS2,active
CHEMBL4591242,C=CCSc1nc(NC(=O)Nc2ccc(I)cc2)ns1,1200.0,C12H11IN4OS2,intermediate
CHEMBL4529440,C=CCSc1nnc(NC(=O)Nc2ccc(I)cc2)s1,0.1791,C12H11IN4OS2,active
CHEMBL4469100,C=CCNc1nc(NC(=O)Nc2ccc(I)cc2)ns1,0.1002,C12H12IN5OS,active
CHEMBL4466194,C=CCSc1nsc(NC(=S)Nc2ccc(I)cc2)n1,2600.0,C12H11IN4S3,intermediate
CHEMBL4571581,C=CCSc1nc(NC(=S)Nc2ccc(I)cc2)ns1,2700.0,C12H11IN4S3,intermediate
CHEMBL4514485,C=CCSc1nnc(NC(=S)Nc2ccc(I)cc2)s1,0.1563,C12H11IN4S3,active
CHEMBL4519481,C=CCSc1nsc(NC(=O)Nc2ccc(Cl)c(C(F)(F)F)c2)n1,0.4227,C13H10ClF3N4OS2,active
CHEMBL4464172,C=CCSc1nc(NC(=O)Nc2ccc(Cl)c(C(F)(F)F)c2)ns1,1000.0,C13H10ClF3N4OS2,active
CHEMBL4591065,C=CCSc1nnc(NC(=O)Nc2ccc(Cl)c(C(F)(F)F)c2)s1,0.1109,C13H10ClF3N4OS2,active
CHEMBL4465951,C=CCNc1nc(NC(=O)Nc2ccc(Cl)c(C(F)(F)F)c2)ns1,0.1135,C13H11ClF3N5OS,active
CHEMBL4436883,C=CCSc1nsc(NC(=S)Nc2ccc(Cl)c(C(F)(F)F)c2)n1,4.9,C13H10ClF3N4S3,active
CHEMBL4466830,C#CCSc1nsc(NC(=S)Nc2ccc(Cl)c(C(F)(F)F)c2)n1,57.4,C13H8ClF3N4S3,active
CHEMBL4575570,C=CCSc1nc(NC(=S)Nc2ccc(Cl)c(C(F)(F)F)c2)ns1,233.3,C13H10ClF3N4S3,active
CHEMBL4557508,C=CCSc1nnc(NC(=S)Nc2ccc(Cl)c(C(F)(F)F)c2)s1,0.0977,C13H10ClF3N4S3,active
CHEMBL4448764,C#CCSc1nsc(NC(=O)Nc2ccc(Br)cc2C(F)(F)F)n1,3300000.0,C13H8BrF3N4OS2,inactive
CHEMBL4457497,C=CCSc1nnc(NC(=O)Nc2ccc(Br)cc2C(F)(F)F)s1,9100.0,C13H10BrF3N4OS2,intermediate
CHEMBL4464693,C#CCSc1nsc(NC(=S)Nc2ccc(Br)cc2C(F)(F)F)n1,5100000.0,C13H8BrF3N4S3,inactive
CHEMBL4526453,C=CCSc1nc(NC(=S)Nc2ccc(Br)cc2C(F)(F)F)ns1,2900.0,C13H10BrF3N4S3,intermediate
CHEMBL4525531,C=CCSc1nnc(NC(=S)Nc2ccc(Br)cc2C(F)(F)F)s1,46.6,C13H10BrF3N4S3,active
CHEMBL4471227,O=C(Nc1ccc(Cl)c(C(F)(F)F)c1)Nc1nnc(S)s1,0.9822,C10H6ClF3N4OS2,active
CHEMBL4455297,CCCSc1nnc(NC(=O)Nc2ccc(Cl)c(C(F)(F)F)c2)s1,0.1491,C13H12ClF3N4OS2,active
CHEMBL4763844,CC(C)c1cc2c(cc1O)[C@@H](O)[C@@H](O)[C@H]1[C@](C)(CO)CCC[C@]21C,2500.0,C20H30O4,intermediate
CHEMBL866,COc1c(C)c2c(c(O)c1C/C=C(\C)CCC(=O)O)C(=O)OC2,0.32,C17H20O6,active
CHEMBL826,CCn1cc(C(=O)O)c(=O)c2cc(F)c(N3CCNCC3)nc21,51990.0,C15H17FN4O3,inactive
CHEMBL4441383,COC(=O)c1[nH]c2ccc(Cl)cc2c1C(=O)c1cc(OC)c(O)c(OC)c1,13900.0,C19H16ClNO6,inactive
CHEMBL4741049,CCOC(=O)c1[nH]c2ccc(Br)cc2c1C(=O)c1cc(OC)c(O)c(OC)c1,15800.0,C20H18BrNO6,inactive
CHEMBL4870229,CC(=O)O[C@H]1CC[C@@]2(C)C(CC[C@]3(C)C2C(=O)C=C2C4C[C@@](C)(C(=O)Nc5cccnc5)CC[C@]4(C)CC[C@]23C)C1(C)C,130.0,C37H52N2O4,active
CHEMBL4863160,CCCCOC(=O)[C@@]1(C)CC[C@]2(C)CC[C@]3(C)C(=CC(=O)C4[C@@]5(C)CC/C(=N\NC(N)=O)C(C)(C)C5CC[C@]43C)[C@@H]2C1,550.0,C35H55N3O4,active
CHEMBL4864423,COC(=O)[C@@]1(C)CC[C@]2(C)CC[C@]3(C)C(=CC(=O)C4[C@@]5(C)Cc6snnc6C(C)(C)C5CC[C@]43C)[C@@H]2C1,290.0,C31H44N2O3S,active
CHEMBL4854270,CCCCOC(=O)[C@@]1(C)CC[C@]2(C)CC[C@]3(C)C(=CC(=O)C4[C@@]5(C)Cc6snnc6C(C)(C)C5CC[C@]43C)[C@@H]2C1,560.0,C34H50N2O3S,active
CHEMBL4857936,CNc1nc(Nc2cccc(F)c2)c2nc[nH]c2n1,14700.0,C12H11FN6,inactive
CHEMBL4872472,OCCNc1nc(Nc2cccc(F)c2)c2nc[nH]c2n1,8900.0,C13H13FN6O,intermediate
CHEMBL4845724,Fc1cccc(Nc2nc(NCCOc3ccccc3)nc3[nH]cnc23)c1,2900.0,C19H17FN6O,intermediate
CHEMBL4853068,CNc1nc(Nc2cccc(C(=O)OC)c2)c2nc[nH]c2n1,8000.0,C14H14N6O2,intermediate
CHEMBL4859049,COC(=O)c1cccc(Nc2nc(NCCO)nc3[nH]cnc23)c1,6200.0,C15H16N6O3,intermediate
CHEMBL4870033,COC(=O)c1cccc(Nc2nc(NCCOc3ccccc3)nc3[nH]cnc23)c1,8200.0,C21H20N6O3,intermediate
CHEMBL4859678,OCCNc1nc(Nc2cccc(C(F)(F)F)c2)c2nc[nH]c2n1,10600.0,C14H13F3N6O,inactive
CHEMBL4848338,FC(F)(F)c1cccc(Nc2nc(NCCOc3ccccc3)nc3[nH]cnc23)c1,1100.0,C20H17F3N6O,intermediate
CHEMBL4853457,Oc1ccc(Nc2nc(NCCOc3ccccc3)nc3[nH]cnc23)cc1O,25000.0,C19H18N6O3,inactive
CHEMBL4855606,CNc1nc(Nc2cccc(C(=O)O)c2)c2nc[nH]c2n1,33500.0,C13H12N6O2,inactive
CHEMBL4870507,O=C(O)c1cccc(Nc2nc(NCCOc3ccccc3)nc3[nH]cnc23)c1,29000.0,C20H18N6O3,inactive
CHEMBL1259059,CC(C)OC(=O)[C@H](C)N[P@](=O)(OC[C@H]1O[C@@H](n2ccc(=O)[nH]c2=O)[C@](C)(F)[C@@H]1O)Oc1ccccc1,3200.0,C22H29FN3O9P,intermediate
CHEMBL1643,NC(=O)c1ncn([C@@H]2O[C@H](CO)[C@@H](O)[C@H]2O)n1,4400.0,C8H12N4O5,intermediate
CHEMBL4847429,Fc1cccc(NNc2nc(NCCOc3ccccc3)nc3[nH]cnc23)c1,2400.0,C19H18FN7O,intermediate
CHEMBL4873306,Fc1cccc(/N=N/c2nc(NCCOc3ccccc3)nc3[nH]cnc23)c1,2800.0,C19H16FN7O,intermediate
CHEMBL3393622,O=C(c1ccc(C(F)(F)F)cc1O)c1[nH]c(Cl)c(Cl)c1-n1c(C(=O)c2ccc(C(F)(F)F)cc2O)cc(Cl)c1Cl,300.0,C24H10Cl4F6N2O4,active
CHEMBL1630221,C#C[C@@]1(O)[C@H](O)[C@@H](CO)O[C@H]1n1ccc2c(N)ncnc21,1620.0,C13H14N4O4,intermediate
CHEMBL5188302,Cc1nnc(Sc2c(Cl)cc(C(=O)c3ccc(C(F)(F)F)cc3O)n2-c2c(C(=O)c3ccc(C(F)(F)F)cc3O)[nH]c(Cl)c2Cl)s1,780.0,C27H13Cl3F6N4O4S2,active
CHEMBL5192362,O=C(c1ccc(C(F)(F)F)cc1O)c1[nH]c(Cl)c(Cl)c1-n1c(C(=O)c2ccc(C(F)(F)F)cc2O)cc(Cl)c1Sc1nc[nH]n1,5670.0,C26H12Cl3F6N5O4S,intermediate
CHEMBL5201294,O=C(c1ccc(C(F)(F)F)cc1O)c1[nH]c(Cl)c(Cl)c1-n1c(C(=O)c2ccc(C(F)(F)F)cc2O)cc(Cl)c1Sc1ncc[nH]1,970.0,C27H13Cl3F6N4O4S,active
CHEMBL5177070,CN(C)CCn1nnnc1Sc1c(Cl)cc(C(=O)c2ccc(C(F)(F)F)cc2O)n1-c1c(C(=O)c2ccc(C(F)(F)F)cc2O)[nH]c(Cl)c1Cl,1690.0,C29H20Cl3F6N7O4S,intermediate
CHEMBL5178265,O=C(c1ccc(C(F)(F)F)cc1O)c1[nH]c(Cl)c(Cl)c1-n1c(C(=O)c2ccc(C(F)(F)F)cc2O)cc(Cl)c1Sc1nnnn1CCO,6410.0,C27H15Cl3F6N6O5S,intermediate
CHEMBL5197837,Cn1nnnc1Sc1c(Cl)cc(C(=O)c2ccc(C(F)(F)F)cc2O)n1-c1c(C(=O)c2ccc(C(F)(F)F)cc2O)[nH]c(Cl)c1Cl,1240.0,C26H13Cl3F6N6O4S,intermediate
CHEMBL5190131,O=C(c1ccc(C(F)(F)F)cc1O)c1[nH]c(Cl)c(Cl)c1-n1c(C(=O)c2ccc(C(F)(F)F)cc2O)cc(Cl)c1Sc1cnccn1,250.0,C28H13Cl3F6N4O4S,active
CHEMBL5170602,O=C(c1ccc(C(F)(F)F)cc1O)c1[nH]c(Cl)c(Cl)c1-n1c(C(=O)c2ccc(C(F)(F)F)cc2O)cc(Cl)c1SCc1cccnc1,280.0,C30H16Cl3F6N3O4S,active
CHEMBL5182449,O=C(c1ccc(C(F)(F)F)cc1O)c1[nH]c(Cl)c(Cl)c1-n1c(C(=O)c2ccc(C(F)(F)F)cc2O)cc(Cl)c1SCCc1ccccn1,150.0,C31H18Cl3F6N3O4S,active
CHEMBL5188966,O=C(c1ccc(C(F)(F)F)cc1O)c1[nH]c(Cl)c(Cl)c1-n1c(C(=O)c2ccc(C(F)(F)F)cc2O)cc(Cl)c1Sc1nc2ccccc2[nH]1,14490.0,C31H15Cl3F6N4O4S,inactive
CHEMBL5199401,O=C(c1ccc(C(F)(F)F)cc1O)c1[nH]c(Cl)c(Cl)c1-n1c(C(=O)c2ccc(C(F)(F)F)cc2O)cc(Cl)c1Sc1nc2ccccc2s1,910.0,C31H14Cl3F6N3O4S2,active
CHEMBL5183919,O=C(c1ccc(C(F)(F)F)cc1O)c1[nH]c(Cl)c(Cl)c1-n1c(C(=O)c2ccc(C(F)(F)F)cc2O)cc(Cl)c1Sc1nc2cccnc2[nH]1,31360.0,C30H14Cl3F6N5O4S,inactive
CHEMBL5195868,O=C(c1ccc(C(F)(F)F)cc1O)c1[nH]c(Cl)c(Cl)c1-n1c(C(=O)c2ccc(C(F)(F)F)cc2O)cc(Cl)c1Sc1nc2ccccc2o1,360.0,C31H14Cl3F6N3O5S,active
CHEMBL5205622,[N-]=[N+]=NCCCSc1c(Cl)cc(C(=O)c2ccc(C(F)(F)F)cc2O)n1-c1c(C(=O)c2ccc(C(F)(F)F)cc2O)[nH]c(Cl)c1Cl,90.0,C27H16Cl3F6N5O4S,active
CHEMBL5201783,O=C(c1ccc(C(F)(F)F)cc1O)c1[nH]c(Cl)c(Cl)c1-n1c(C(=O)c2ccc(C(F)(F)F)cc2O)cc(Cl)c1SCCO,70.0,C26H15Cl3F6N2O5S,active
CHEMBL5185409,O=C(c1ccc(C(F)(F)F)cc1O)c1[nH]c(Cl)c(Cl)c1-n1c(C(=O)c2ccc(C(F)(F)F)cc2O)cc(Cl)c1SCCCO,100.0,C27H17Cl3F6N2O5S,active
CHEMBL8260,O=c1cc(-c2ccccc2)oc2cc(O)c(O)c(O)c12,19600.0,C15H10O5,inactive
CHEMBL5203342,Oc1c(O)c(O)c2c(=S)cc(-c3ccccc3)oc2c1-c1ccc(F)cc1,7700.0,C21H13FO4S,intermediate
CHEMBL5172739,Oc1c(O)c(O)c2c(=S)cc(-c3ccccc3)oc2c1-c1ccc(C(F)(F)F)cc1,3800.0,C22H13F3O4S,intermediate
CHEMBL5184855,O=c1cc(-c2ccccc2)oc2c(-c3ccc(F)cc3)c(O)c(O)c(O)c12,2500.0,C21H13FO5,intermediate
CHEMBL5190082,O=c1cc(-c2ccccc2)oc2c(-c3cccc(F)c3)c(O)c(O)c(O)c12,3500.0,C21H13FO5,intermediate
CHEMBL5188205,O=c1cc(-c2ccccc2)oc2c(-c3ccccc3)c(O)c(O)c(O)c12,5800.0,C21H14O5,intermediate
CHEMBL5174882,O=c1cc(-c2ccccc2)oc2c(-c3ccc(OC(F)(F)F)cc3)c(O)c(O)c(O)c12,8300.0,C22H13F3O6,intermediate
CHEMBL5204845,O=c1cc(-c2ccc(Nc3ccc(Br)cc3)cc2)oc2cc(O)c(O)c(O)c12,6700.0,C21H14BrNO5,intermediate
CHEMBL5206997,O=c1cc(-c2ccc(Nc3ccc(Cl)cc3)cc2)oc2cc(O)c(O)c(O)c12,1900.0,C21H14ClNO5,intermediate
CHEMBL5187468,O=c1cc(-c2ccc(Nc3ccc(F)cc3)cc2)oc2cc(O)c(O)c(O)c12,6900.0,C21H14FNO5,intermediate
CHEMBL5170913,O=c1cc(-c2ccc(N3CCN(c4cccc(Cl)c4)CC3)cc2)oc2cc(O)c(O)c(O)c12,5700.0,C25H21ClN2O5,intermediate
CHEMBL5194820,O=c1cc(-c2ccc(N3CCN(c4ccc(O)cc4)CC3)cc2)oc2cc(O)c(O)c(O)c12,6900.0,C25H22N2O6,intermediate
CHEMBL5196544,O=C(NO)c1n[nH]nc1[C@@H]1O[C@H](CO)[C@@H](O)[C@H]1O,37300.0,C8H12N4O6,inactive
CHEMBL14762,CC[C@H](CO)Nc1nc(NCc2ccccc2)c2ncn(C(C)C)c2n1,24.0,C19H26N6O,active
CHEMBL1650595,NCC(=O)Nc1ccc(-n2nc(C(F)(F)F)cc2-c2ccc3c(ccc4ccccc43)c2)cc1,2000.0,C26H19F3N4O,intermediate
CHEMBL5209307,CCCc1cnc(NC(=O)[C@@H](C)c2ccc(NC(C)=O)cc2)s1,90.0,C17H21N3O2S,active
CHEMBL583194,c1cncc(CN2CCC(n3ncc4c(N5CCOCC5)nc(-c5ccc6[nH]ccc6c5)nc43)CC2)c1,2300.0,C28H30N8O,intermediate
CHEMBL5193007,CC(C)c1[nH]n(-c2c(Cl)cccc2Cl)c2nc(Cc3ccc(OCCO)cc3)nc(=O)c1-2,90.0,C23H22Cl2N4O3,active
CHEMBL2143507,CC(=O)Nc1ccc(C(C)C(=O)Nc2ncc(C(C)C)s2)cc1,1720.0,C17H21N3O2S,intermediate
